{
    "rmse": 0.7133517533130133,
    "mae": 0.5531171900184724,
    "r2": 0.26247692583583926
}